,index,Date,Home Price Index,GDP(in Billions),Inflation Rate,Unemployment Rate,Population Growth
0,0,1987-01-01,63.965,4722.156,1.5,6.6,0.893829201032046
1,1,1987-02-01,64.423,4722.156,2.1,6.6,0.893829201032046
2,2,1987-03-01,64.735,4722.156,3.0,6.6,0.893829201032046
3,3,1987-04-01,65.131,4806.16,3.8,6.3,0.893829201032046
4,4,1987-05-01,65.563,4806.16,3.9,6.3,0.893829201032046
5,5,1987-06-01,66.071,4806.16,3.7,6.2,0.893829201032046
6,6,1987-07-01,66.507,4884.555,3.9,6.1,0.893829201032046
7,7,1987-08-01,66.938,4884.555,4.3,6.0,0.893829201032046
8,8,1987-09-01,67.331,4884.555,4.4,5.9,0.893829201032046
9,9,1987-10-01,67.73899999999999,5007.994,4.5,6.0,0.893829201032046
10,10,1987-11-01,68.108,5007.994,4.5,5.8,0.893829201032046
11,11,1987-12-01,68.506,5007.994,4.4,5.7,0.893829201032046
12,12,1988-01-01,68.857,5073.372,4.0,5.7,0.907999040167679
13,13,1988-02-01,69.26100000000001,5073.372,3.9,5.7,0.907999040167679
14,14,1988-03-01,69.637,5073.372,3.9,5.7,0.907999040167679
15,15,1988-04-01,69.976,5190.036,3.9,5.4,0.907999040167679
16,16,1988-05-01,70.426,5190.036,3.9,5.6,0.907999040167679
17,17,1988-06-01,70.889,5190.036,4.0,5.4,0.907999040167679
18,18,1988-07-01,71.355,5282.835,4.1,5.4,0.907999040167679
19,19,1988-08-01,71.8,5282.835,4.0,5.6,0.907999040167679
20,20,1988-09-01,72.241,5282.835,4.2,5.4,0.907999040167679
21,21,1988-10-01,72.63600000000001,5399.509,4.2,5.4,0.907999040167679
22,22,1988-11-01,73.072,5399.509,4.2,5.3,0.907999040167679
23,23,1988-12-01,73.465,5399.509,4.4,5.3,0.907999040167679
24,24,1989-01-01,73.947,5511.253,4.7,5.4,0.944405555428529
25,25,1989-02-01,74.383,5511.253,4.8,5.2,0.944405555428529
26,26,1989-03-01,74.779,5511.253,5.0,5.0,0.944405555428529
27,27,1989-04-01,75.085,5612.463,5.1,5.2,0.944405555428529
28,28,1989-05-01,75.306,5612.463,5.4,5.2,0.944405555428529
29,29,1989-06-01,75.48,5612.463,5.2,5.3,0.944405555428529
30,30,1989-07-01,75.656,5695.365,5.0,5.2,0.944405555428529
31,31,1989-08-01,75.834,5695.365,4.7,5.2,0.944405555428529
32,32,1989-09-01,76.056,5695.365,4.3,5.3,0.944405555428529
33,33,1989-10-01,76.283,5747.237,4.5,5.3,0.944405555428529
34,34,1989-11-01,76.521,5747.237,4.7,5.4,0.944405555428529
35,35,1989-12-01,76.705,5747.237,4.6,5.4,0.944405555428529
36,36,1990-01-01,76.89699999999999,5872.701,5.2,5.4,1.12965052045579
37,37,1990-02-01,77.053,5872.701,5.3,5.3,1.12965052045579
38,38,1990-03-01,77.20100000000001,5872.701,5.2,5.2,1.12965052045579
39,39,1990-04-01,77.278,5960.028,4.7,5.4,1.12965052045579
40,40,1990-05-01,77.297,5960.028,4.4,5.4,1.12965052045579
41,41,1990-06-01,77.258,5960.028,4.7,5.2,1.12965052045579
42,42,1990-07-01,77.139,6015.116,4.8,5.5,1.12965052045579
43,43,1990-08-01,77.009,6015.116,5.6,5.7,1.12965052045579
44,44,1990-09-01,76.84899999999999,6015.116,6.2,5.9,1.12965052045579
45,45,1990-10-01,76.699,6004.733,6.3,5.9,1.12965052045579
46,46,1990-11-01,76.37,6004.733,6.3,6.2,1.12965052045579
47,47,1990-12-01,76.184,6004.733,6.1,6.3,1.12965052045579
48,48,1991-01-01,75.915,6035.178,5.7,6.4,1.33626074073779
49,49,1991-02-01,75.734,6035.178,5.3,6.6,1.33626074073779
50,50,1991-03-01,75.569,6035.178,4.9,6.8,1.33626074073779
51,51,1991-04-01,75.565,6126.862,4.9,6.7,1.33626074073779
52,52,1991-05-01,75.764,6126.862,5.0,6.9,1.33626074073779
53,53,1991-06-01,75.992,6126.862,4.7,6.9,1.33626074073779
54,54,1991-07-01,76.082,6205.937,4.4,6.8,1.33626074073779
55,55,1991-08-01,76.109,6205.937,3.8,6.9,1.33626074073779
56,56,1991-09-01,76.193,6205.937,3.4,6.9,1.33626074073779
57,57,1991-10-01,76.074,6264.54,2.9,7.0,1.33626074073779
58,58,1991-11-01,76.014,6264.54,3.0,7.0,1.33626074073779
59,59,1991-12-01,76.056,6264.54,3.1,7.3,1.33626074073779
60,60,1992-01-01,76.087,6363.102,2.6,7.3,1.38688569247935
61,61,1992-02-01,76.156,6363.102,2.8,7.4,1.38688569247935
62,62,1992-03-01,76.27600000000001,6363.102,3.2,7.4,1.38688569247935
63,63,1992-04-01,76.345,6470.763,3.2,7.4,1.38688569247935
64,64,1992-05-01,76.398,6470.763,3.0,7.6,1.38688569247935
65,65,1992-06-01,76.332,6470.763,3.1,7.8,1.38688569247935
66,66,1992-07-01,76.263,6566.641,3.2,7.7,1.38688569247935
67,67,1992-08-01,76.23,6566.641,3.1,7.6,1.38688569247935
68,68,1992-09-01,76.238,6566.641,3.0,7.6,1.38688569247935
69,69,1992-10-01,76.375,6680.803,3.2,7.3,1.38688569247935
70,70,1992-11-01,76.558,6680.803,3.0,7.4,1.38688569247935
71,71,1992-12-01,76.67399999999999,6680.803,2.9,7.4,1.38688569247935
72,72,1993-01-01,76.78399999999999,6729.459,3.3,7.3,1.31867999977741
73,73,1993-02-01,76.837,6729.459,3.2,7.1,1.31867999977741
74,74,1993-03-01,76.868,6729.459,3.1,7.0,1.31867999977741
75,75,1993-04-01,76.936,6808.939,3.2,7.1,1.31867999977741
76,76,1993-05-01,77.038,6808.939,3.2,7.1,1.31867999977741
77,77,1993-06-01,77.243,6808.939,3.0,7.0,1.31867999977741
78,78,1993-07-01,77.43,6882.098,2.8,6.9,1.31867999977741
79,79,1993-08-01,77.612,6882.098,2.8,6.8,1.31867999977741
80,80,1993-09-01,77.794,6882.098,2.7,6.7,1.31867999977741
81,81,1993-10-01,77.941,7013.738,2.8,6.8,1.31867999977741
82,82,1993-11-01,78.14699999999999,7013.738,2.7,6.6,1.31867999977741
83,83,1993-12-01,78.325,7013.738,2.7,6.5,1.31867999977741
84,84,1994-01-01,78.59100000000001,7115.652,2.5,6.6,1.2262960888682
85,85,1994-02-01,78.727,7115.652,2.5,6.6,1.2262960888682
86,86,1994-03-01,78.85600000000001,7115.652,2.5,6.5,1.2262960888682
87,87,1994-04-01,78.986,7246.931,2.4,6.4,1.2262960888682
88,88,1994-05-01,79.222,7246.931,2.3,6.1,1.2262960888682
89,89,1994-06-01,79.422,7246.931,2.5,6.1,1.2262960888682
90,90,1994-07-01,79.594,7331.075,2.8,6.1,1.2262960888682
91,91,1994-08-01,79.781,7331.075,2.9,6.0,1.2262960888682
92,92,1994-09-01,79.919,7331.075,3.0,5.9,1.2262960888682
93,93,1994-10-01,80.065,7455.288,2.6,5.8,1.2262960888682
94,94,1994-11-01,80.15,7455.288,2.7,5.6,1.2262960888682
95,95,1994-12-01,80.296,7455.288,2.7,5.5,1.2262960888682
96,96,1995-01-01,80.426,7522.289,2.8,5.6,1.19078709090209
97,97,1995-02-01,80.528,7522.289,2.9,5.4,1.19078709090209
98,98,1995-03-01,80.597,7522.289,2.9,5.4,1.19078709090209
99,99,1995-04-01,80.661,7580.997,3.1,5.8,1.19078709090209
100,100,1995-05-01,80.703,7580.997,3.2,5.6,1.19078709090209
101,101,1995-06-01,80.785,7580.997,3.0,5.6,1.19078709090209
102,102,1995-07-01,80.936,7683.125,2.8,5.7,1.19078709090209
103,103,1995-08-01,81.11,7683.125,2.6,5.7,1.19078709090209
104,104,1995-09-01,81.306,7683.125,2.5,5.6,1.19078709090209
105,105,1995-10-01,81.482,7772.586,2.8,5.5,1.19078709090209
106,106,1995-11-01,81.619,7772.586,2.6,5.6,1.19078709090209
107,107,1995-12-01,81.736,7772.586,2.5,5.6,1.19078709090209
108,108,1996-01-01,81.834,7868.468,2.7,5.6,1.16341161998189
109,109,1996-02-01,81.95299999999999,7868.468,2.7,5.5,1.16341161998189
110,110,1996-03-01,82.194,7868.468,2.8,5.5,1.16341161998189
111,111,1996-04-01,82.42,8032.84,2.9,5.6,1.16341161998189
112,112,1996-05-01,82.61,8032.84,2.9,5.6,1.16341161998189
113,113,1996-06-01,82.75200000000001,8032.84,2.8,5.3,1.16341161998189
114,114,1996-07-01,82.928,8131.408,3.0,5.5,1.16341161998189
115,115,1996-08-01,83.086,8131.408,2.9,5.1,1.16341161998189
116,116,1996-09-01,83.256,8131.408,3.0,5.2,1.16341161998189
117,117,1996-10-01,83.37700000000001,8259.771,3.0,5.2,1.16341161998189
118,118,1996-11-01,83.552,8259.771,3.3,5.4,1.16341161998189
119,119,1996-12-01,83.721,8259.771,3.3,5.4,1.16341161998189
120,120,1997-01-01,83.955,8362.655,3.0,5.3,1.20396029701272
121,121,1997-02-01,84.18,8362.655,3.0,5.2,1.20396029701272
122,122,1997-03-01,84.45100000000001,8362.655,2.8,5.2,1.20396029701272
123,123,1997-04-01,84.62200000000001,8518.825,2.5,5.1,1.20396029701272
124,124,1997-05-01,84.861,8518.825,2.2,4.9,1.20396029701272
125,125,1997-06-01,85.081,8518.825,2.3,5.0,1.20396029701272
126,126,1997-07-01,85.331,8662.823,2.2,4.9,1.20396029701272
127,127,1997-08-01,85.573,8662.823,2.2,4.8,1.20396029701272
128,128,1997-09-01,85.85,8662.823,2.2,4.9,1.20396029701272
129,129,1997-10-01,86.147,8765.907,2.1,4.7,1.20396029701272
130,130,1997-11-01,86.632,8765.907,1.8,4.6,1.20396029701272
131,131,1997-12-01,87.09200000000001,8765.907,1.7,4.7,1.20396029701272
132,132,1998-01-01,87.615,8866.48,1.6,4.6,1.16571452642589
133,133,1998-02-01,88.00200000000001,8866.48,1.4,4.6,1.16571452642589
134,134,1998-03-01,88.44200000000001,8866.48,1.4,4.7,1.16571452642589
135,135,1998-04-01,88.87799999999999,8969.699,1.4,4.3,1.16571452642589
136,136,1998-05-01,89.36399999999999,8969.699,1.7,4.4,1.16571452642589
137,137,1998-06-01,89.845,8969.699,1.7,4.5,1.16571452642589
138,138,1998-07-01,90.31,9121.097,1.7,4.5,1.16571452642589
139,139,1998-08-01,90.785,9121.097,1.6,4.5,1.16571452642589
140,140,1998-09-01,91.258,9121.097,1.5,4.6,1.16571452642589
141,141,1998-10-01,91.71700000000001,9293.991,1.5,4.5,1.16571452642589
142,142,1998-11-01,92.199,9293.991,1.5,4.4,1.16571452642589
143,143,1998-12-01,92.712,9293.991,1.6,4.4,1.16571452642589
144,144,1999-01-01,93.208,9411.682,1.7,4.3,1.14834004729055
145,145,1999-02-01,93.67200000000001,9411.682,1.6,4.4,1.14834004729055
146,146,1999-03-01,94.21700000000001,9411.682,1.7,4.2,1.14834004729055
147,147,1999-04-01,94.785,9526.21,2.3,4.3,1.14834004729055
148,148,1999-05-01,95.344,9526.21,2.1,4.2,1.14834004729055
149,149,1999-06-01,95.975,9526.21,2.0,4.3,1.14834004729055
150,150,1999-07-01,96.59100000000001,9686.626,2.1,4.3,1.14834004729055
151,151,1999-08-01,97.219,9686.626,2.3,4.2,1.14834004729055
152,152,1999-09-01,97.86200000000001,9686.626,2.6,4.2,1.14834004729055
153,153,1999-10-01,98.522,9900.169,2.6,4.1,1.14834004729055
154,154,1999-11-01,99.154,9900.169,2.6,4.1,1.14834004729055
155,155,1999-12-01,99.844,9900.169,2.7,4.0,1.14834004729055
156,156,2000-01-01,100.551,10002.179,2.7,4.0,1.11276899679534
157,157,2000-02-01,101.339,10002.179,3.2,4.1,1.11276899679534
158,158,2000-03-01,102.12700000000001,10002.179,3.8,4.0,1.11276899679534
159,159,2000-04-01,102.92200000000001,10247.72,3.1,3.8,1.11276899679534
160,160,2000-05-01,103.677,10247.72,3.2,4.0,1.11276899679534
161,161,2000-06-01,104.42399999999999,10247.72,3.7,4.0,1.11276899679534
162,162,2000-07-01,105.054,10318.165,3.7,4.0,1.11276899679534
163,163,2000-08-01,105.76799999999999,10318.165,3.4,4.1,1.11276899679534
164,164,2000-09-01,106.538,10318.165,3.5,3.9,1.11276899679534
165,165,2000-10-01,107.382,10435.744,3.4,3.9,1.11276899679534
166,166,2000-11-01,108.302,10435.744,3.4,3.9,1.11276899679534
167,167,2000-12-01,109.14200000000001,10435.744,3.4,3.9,1.11276899679534
168,168,2001-01-01,109.846,10470.231,3.7,4.2,0.989741382223669
169,169,2001-02-01,110.501,10470.231,3.5,4.2,0.989741382223669
170,170,2001-03-01,111.10799999999999,10470.231,2.9,4.3,0.989741382223669
171,171,2001-04-01,111.652,10599.0,3.3,4.4,0.989741382223669
172,172,2001-05-01,112.164,10599.0,3.6,4.3,0.989741382223669
173,173,2001-06-01,112.79700000000001,10599.0,3.2,4.5,0.989741382223669
174,174,2001-07-01,113.491,10598.02,2.7,4.6,0.989741382223669
175,175,2001-08-01,114.167,10598.02,2.7,4.9,0.989741382223669
176,176,2001-09-01,114.81200000000001,10598.02,2.6,5.0,0.989741382223669
177,177,2001-10-01,115.31,10660.465,2.1,5.3,0.989741382223669
178,178,2001-11-01,115.85700000000001,10660.465,1.9,5.5,0.989741382223669
179,179,2001-12-01,116.455,10660.465,1.6,5.7,0.989741382223669
180,180,2002-01-01,117.14299999999999,10783.5,1.1,5.7,0.927797485710314
181,181,2002-02-01,117.844,10783.5,1.1,5.7,0.927797485710314
182,182,2002-03-01,118.68700000000001,10783.5,1.5,5.7,0.927797485710314
183,183,2002-04-01,119.611,10887.46,1.6,5.9,0.927797485710314
184,184,2002-05-01,120.72399999999999,10887.46,1.2,5.8,0.927797485710314
185,185,2002-06-01,121.81299999999999,10887.46,1.1,5.8,0.927797485710314
186,186,2002-07-01,122.88799999999999,10984.04,1.5,5.8,0.927797485710314
187,187,2002-08-01,123.831,10984.04,1.8,5.7,0.927797485710314
188,188,2002-09-01,124.78,10984.04,1.5,5.7,0.927797485710314
189,189,2002-10-01,125.735,11061.433,2.0,5.7,0.927797485710314
190,190,2002-11-01,126.67,11061.433,2.2,5.9,0.927797485710314
191,191,2002-12-01,127.624,11061.433,2.4,6.0,0.927797485710314
192,192,2003-01-01,128.461,11174.129,2.6,5.8,0.859481712840946
193,193,2003-02-01,129.356,11174.129,3.0,5.9,0.859481712840946
194,194,2003-03-01,130.148,11174.129,3.0,5.9,0.859481712840946
195,195,2003-04-01,130.885,11312.766,2.2,6.0,0.859481712840946
196,196,2003-05-01,131.735,11312.766,2.1,6.1,0.859481712840946
197,197,2003-06-01,132.649,11312.766,2.1,6.3,0.859481712840946
198,198,2003-07-01,133.77700000000002,11566.669,2.1,6.2,0.859481712840946
199,199,2003-08-01,134.968,11566.669,2.2,6.1,0.859481712840946
200,200,2003-09-01,136.29399999999998,11566.669,2.3,6.1,0.859481712840946
201,201,2003-10-01,137.532,11772.234,2.0,6.0,0.859481712840946
202,202,2003-11-01,138.795,11772.234,1.8,5.8,0.859481712840946
203,203,2003-12-01,140.18,11772.234,1.9,5.7,0.859481712840946
204,204,2004-01-01,141.64700000000002,11923.447,1.9,5.7,0.925483968943482
205,205,2004-02-01,143.192,11923.447,1.7,5.6,0.925483968943482
206,206,2004-03-01,145.058,11923.447,1.7,5.8,0.925483968943482
207,207,2004-04-01,146.592,12112.815,2.3,5.6,0.925483968943482
208,208,2004-05-01,148.186,12112.815,3.1,5.6,0.925483968943482
209,209,2004-06-01,149.851,12112.815,3.3,5.6,0.925483968943482
210,210,2004-07-01,151.338,12305.307,3.0,5.5,0.925483968943482
211,211,2004-08-01,152.634,12305.307,2.7,5.4,0.925483968943482
212,212,2004-09-01,154.18,12305.307,2.5,5.4,0.925483968943482
213,213,2004-10-01,155.752,12527.214,3.2,5.5,0.925483968943482
214,214,2004-11-01,157.528,12527.214,3.5,5.4,0.925483968943482
215,215,2004-12-01,159.33100000000002,12527.214,3.3,5.4,0.925483968943482
216,216,2005-01-01,161.289,12767.286,3.0,5.3,0.921713167161207
217,217,2005-02-01,163.344,12767.286,3.0,5.4,0.921713167161207
218,218,2005-03-01,165.813,12767.286,3.1,5.2,0.921713167161207
219,219,2005-04-01,167.502,12922.656,3.5,5.2,0.921713167161207
220,220,2005-05-01,169.351,12922.656,2.8,5.1,0.921713167161207
221,221,2005-06-01,171.19099999999997,12922.656,2.5,5.0,0.921713167161207
222,222,2005-07-01,172.86,13142.642,3.2,5.0,0.921713167161207
223,223,2005-08-01,174.442,13142.642,3.6,4.9,0.921713167161207
224,224,2005-09-01,176.437,13142.642,4.7,5.0,0.921713167161207
225,225,2005-10-01,178.02700000000002,13324.204,4.3,5.0,0.921713167161207
226,226,2005-11-01,179.68,13324.204,3.5,5.0,0.921713167161207
227,227,2005-12-01,180.91,13324.204,3.4,4.9,0.921713167161207
228,228,2006-01-01,182.32,13599.16,4.0,4.7,0.964253917136075
229,229,2006-02-01,183.287,13599.16,3.6,4.8,0.964253917136075
230,230,2006-03-01,184.365,13599.16,3.4,4.7,0.964253917136075
231,231,2006-04-01,184.328,13753.424,3.5,4.7,0.964253917136075
232,232,2006-05-01,184.155,13753.424,4.2,4.6,0.964253917136075
233,233,2006-06-01,183.507,13753.424,4.3,4.6,0.964253917136075
234,234,2006-07-01,183.06599999999997,13870.188,4.1,4.7,0.964253917136075
235,235,2006-08-01,182.593,13870.188,3.8,4.7,0.964253917136075
236,236,2006-09-01,182.798,13870.188,2.1,4.5,0.964253917136075
237,237,2006-10-01,183.197,14039.56,1.3,4.4,0.964253917136075
238,238,2006-11-01,183.608,14039.56,2.0,4.5,0.964253917136075
239,239,2006-12-01,184.138,14039.56,2.5,4.4,0.964253917136075
240,240,2007-01-01,184.516,14215.651,2.1,4.6,0.951055242772428
241,241,2007-02-01,184.59799999999998,14215.651,2.4,4.5,0.951055242772428
242,242,2007-03-01,184.15,14215.651,2.8,4.4,0.951055242772428
243,243,2007-04-01,183.01,14402.082,2.6,4.5,0.951055242772428
244,244,2007-05-01,181.6,14402.082,2.7,4.4,0.951055242772428
245,245,2007-06-01,180.253,14402.082,2.7,4.6,0.951055242772428
246,246,2007-07-01,179.11,14564.117,2.4,4.7,0.951055242772428
247,247,2007-08-01,178.11599999999999,14564.117,2.0,4.6,0.951055242772428
248,248,2007-09-01,177.55700000000002,14564.117,2.8,4.7,0.951055242772428
249,249,2007-10-01,176.623,14715.058,3.5,4.7,0.951055242772428
250,250,2007-11-01,175.146,14715.058,4.3,4.7,0.951055242772428
251,251,2007-12-01,174.34099999999998,14715.058,4.1,5.0,0.951055242772428
252,252,2008-01-01,173.13099999999997,14706.538,4.3,5.0,0.945865287282592
253,253,2008-02-01,171.53900000000002,14706.538,4.0,4.9,0.945865287282592
254,254,2008-03-01,170.05200000000002,14706.538,4.0,5.1,0.945865287282592
255,255,2008-04-01,168.33700000000002,14865.701,3.9,5.0,0.945865287282592
256,256,2008-05-01,166.658,14865.701,4.2,5.4,0.945865287282592
257,257,2008-06-01,165.016,14865.701,5.0,5.6,0.945865287282592
258,258,2008-07-01,163.564,14898.999,5.6,5.8,0.945865287282592
259,259,2008-08-01,161.986,14898.999,5.4,6.1,0.945865287282592
260,260,2008-09-01,160.30700000000002,14898.999,4.9,6.1,0.945865287282592
261,261,2008-10-01,158.326,14608.209,3.7,6.5,0.945865287282592
262,262,2008-11-01,156.141,14608.209,1.1,6.8,0.945865287282592
263,263,2008-12-01,153.618,14608.209,0.1,7.3,0.945865287282592
264,264,2009-01-01,151.506,14430.902,0.0,7.8,0.876651298802912
265,265,2009-02-01,150.014,14430.902,0.2,8.3,0.876651298802912
266,266,2009-03-01,148.659,14430.902,-0.4,8.7,0.876651298802912
267,267,2009-04-01,147.947,14381.236,-0.7,9.0,0.876651298802912
268,268,2009-05-01,147.69299999999998,14381.236,-1.3,9.4,0.876651298802912
269,269,2009-06-01,148.088,14381.236,-1.4,9.5,0.876651298802912
270,270,2009-07-01,148.408,14448.882,-2.1,9.5,0.876651298802912
271,271,2009-08-01,148.27700000000002,14448.882,-1.5,9.6,0.876651298802912
272,272,2009-09-01,148.024,14448.882,-1.3,9.8,0.876651298802912
273,273,2009-10-01,147.85,14651.249,-0.2,10.0,0.876651298802912
274,274,2009-11-01,148.136,14651.249,1.8,9.9,0.876651298802912
275,275,2009-12-01,147.93,14651.249,2.7,9.9,0.876651298802912
276,276,2010-01-01,147.39600000000002,14764.61,2.6,9.8,0.829616674709795
277,277,2010-02-01,145.631,14764.61,2.1,9.8,0.829616674709795
278,278,2010-03-01,145.858,14764.61,2.3,9.9,0.829616674709795
279,279,2010-04-01,146.401,14980.193,2.2,9.9,0.829616674709795
280,280,2010-05-01,146.392,14980.193,2.0,9.6,0.829616674709795
281,281,2010-06-01,145.719,14980.193,1.1,9.4,0.829616674709795
282,282,2010-07-01,144.987,15141.607,1.2,9.4,0.829616674709795
283,283,2010-08-01,143.912,15141.607,1.1,9.5,0.829616674709795
284,284,2010-09-01,143.015,15141.607,1.1,9.5,0.829616674709795
285,285,2010-10-01,142.526,15309.474,1.2,9.4,0.829616674709795
286,286,2010-11-01,142.167,15309.474,1.1,9.8,0.829616674709795
287,287,2010-12-01,142.054,15309.474,1.5,9.3,0.829616674709795
288,288,2011-01-01,141.516,15351.448,1.6,9.1,0.726786704810745
289,289,2011-02-01,140.343,15351.448,2.1,9.0,0.726786704810745
290,290,2011-03-01,139.975,15351.448,2.7,9.0,0.726786704810745
291,291,2011-04-01,140.007,15557.539,3.2,9.1,0.726786704810745
292,292,2011-05-01,139.903,15557.539,3.6,9.0,0.726786704810745
293,293,2011-06-01,139.86,15557.539,3.6,9.1,0.726786704810745
294,294,2011-07-01,139.72799999999998,15647.68,3.6,9.0,0.726786704810745
295,295,2011-08-01,139.308,15647.68,3.8,9.0,0.726786704810745
296,296,2011-09-01,138.667,15647.68,3.9,9.0,0.726786704810745
297,297,2011-10-01,137.951,15842.259,3.5,8.8,0.726786704810745
298,298,2011-11-01,137.15,15842.259,3.4,8.6,0.726786704810745
299,299,2011-12-01,136.672,15842.259,3.0,8.5,0.726786704810745
300,300,2012-01-01,136.606,16068.805,2.9,8.3,0.733599941250847
301,301,2012-02-01,136.531,16068.805,2.9,8.3,0.733599941250847
302,302,2012-03-01,137.90200000000002,16068.805,2.7,8.2,0.733599941250847
303,303,2012-04-01,139.151,16207.115,2.3,8.2,0.733599941250847
304,304,2012-05-01,140.15200000000002,16207.115,1.7,8.2,0.733599941250847
305,305,2012-06-01,141.028,16207.115,1.7,8.2,0.733599941250847
306,306,2012-07-01,141.66899999999998,16319.541,1.4,8.2,0.733599941250847
307,307,2012-08-01,142.278,16319.541,1.7,8.1,0.733599941250847
308,308,2012-09-01,142.906,16319.541,2.0,7.8,0.733599941250847
309,309,2012-10-01,143.597,16420.419,2.2,7.8,0.733599941250847
310,310,2012-11-01,144.58,16420.419,1.8,7.7,0.733599941250847
311,311,2012-12-01,145.497,16420.419,1.7,7.9,0.733599941250847
312,312,2013-01-01,146.82299999999998,16648.189,1.6,8.0,0.692860276624581
313,313,2013-02-01,147.781,16648.189,2.0,7.7,0.692860276624581
314,314,2013-03-01,149.96,16648.189,1.5,7.5,0.692860276624581
315,315,2013-04-01,151.517,16728.687,1.1,7.6,0.692860276624581
316,316,2013-05-01,152.849,16728.687,1.4,7.5,0.692860276624581
317,317,2013-06-01,154.19899999999998,16728.687,1.8,7.5,0.692860276624581
318,318,2013-07-01,155.60399999999998,16953.838,2.0,7.3,0.692860276624581
319,319,2013-08-01,156.961,16953.838,1.5,7.2,0.692860276624581
320,320,2013-09-01,158.22299999999998,16953.838,1.2,7.2,0.692860276624581
321,321,2013-10-01,159.239,17192.019,1.0,7.2,0.692860276624581
322,322,2013-11-01,160.07299999999998,17192.019,1.2,6.9,0.692860276624581
323,323,2013-12-01,160.99200000000002,17192.019,1.5,6.7,0.692860276624581
324,324,2014-01-01,161.923,17197.738,1.6,6.6,0.733361519937424
325,325,2014-02-01,162.52100000000002,17197.738,1.1,6.7,0.733361519937424
326,326,2014-03-01,163.08100000000002,17197.738,1.5,6.7,0.733361519937424
327,327,2014-04-01,163.387,17518.508,2.0,6.2,0.733361519937424
328,328,2014-05-01,163.655,17518.508,2.1,6.3,0.733361519937424
329,329,2014-06-01,164.065,17518.508,2.1,6.1,0.733361519937424
330,330,2014-07-01,164.585,17804.228,2.0,6.2,0.733361519937424
331,331,2014-08-01,165.21099999999998,17804.228,1.7,6.1,0.733361519937424
332,332,2014-09-01,165.90099999999998,17804.228,1.7,5.9,0.733361519937424
333,333,2014-10-01,166.637,17912.079,1.7,5.7,0.733361519937424
334,334,2014-11-01,167.331,17912.079,1.3,5.8,0.733361519937424
335,335,2014-12-01,168.045,17912.079,0.8,5.6,0.733361519937424
336,336,2015-01-01,168.625,18063.529,-0.1,5.7,0.73621730882542
337,337,2015-02-01,169.122,18063.529,0.0,5.5,0.73621730882542
338,338,2015-03-01,169.793,18063.529,-0.1,5.4,0.73621730882542
339,339,2015-04-01,170.292,18279.784,-0.2,5.4,0.73621730882542
340,340,2015-05-01,170.875,18279.784,0.0,5.6,0.73621730882542
341,341,2015-06-01,171.476,18279.784,0.1,5.3,0.73621730882542
342,342,2015-07-01,172.146,18401.626,0.2,5.2,0.73621730882542
343,343,2015-08-01,172.93,18401.626,0.2,5.1,0.73621730882542
344,344,2015-09-01,173.82299999999998,18401.626,0.0,5.0,0.73621730882542
345,345,2015-10-01,174.787,18435.137,0.2,5.0,0.73621730882542
346,346,2015-11-01,175.733,18435.137,0.5,5.1,0.73621730882542
347,347,2015-12-01,176.53599999999997,18435.137,0.7,5.0,0.73621730882542
348,348,2016-01-01,177.261,18525.933,1.4,4.8,0.724676067451429
349,349,2016-02-01,177.639,18525.933,1.0,4.9,0.724676067451429
350,350,2016-03-01,178.15599999999998,18525.933,0.9,5.0,0.724676067451429
351,351,2016-04-01,178.757,18711.702,1.1,5.1,0.724676067451429
352,352,2016-05-01,179.419,18711.702,1.0,4.8,0.724676067451429
353,353,2016-06-01,180.088,18711.702,1.0,4.9,0.724676067451429
354,354,2016-07-01,180.847,18892.639,0.8,4.8,0.724676067451429
355,355,2016-08-01,181.83599999999998,18892.639,1.1,4.9,0.724676067451429
356,356,2016-09-01,182.81,18892.639,1.5,5.0,0.724676067451429
357,357,2016-10-01,183.738,19089.379,1.6,4.9,0.724676067451429
358,358,2016-11-01,184.748,19089.379,1.7,4.7,0.724676067451429
359,359,2016-12-01,185.71,19089.379,2.1,4.7,0.724676067451429
360,360,2017-01-01,186.792,19280.084,2.5,4.7,0.63264399508256
361,361,2017-02-01,187.31,19280.084,2.7,4.6,0.63264399508256
362,362,2017-03-01,187.988,19280.084,2.4,4.4,0.63264399508256
363,363,2017-04-01,188.71900000000002,19438.643,2.2,4.4,0.63264399508256
364,364,2017-05-01,189.607,19438.643,1.9,4.4,0.63264399508256
365,365,2017-06-01,190.516,19438.643,1.6,4.3,0.63264399508256
366,366,2017-07-01,191.46200000000002,19692.595,1.7,4.3,0.63264399508256
367,367,2017-08-01,192.646,19692.595,1.9,4.4,0.63264399508256
368,368,2017-09-01,193.74099999999999,19692.595,2.2,4.3,0.63264399508256
369,369,2017-10-01,194.78799999999998,20037.088,2.0,4.2,0.63264399508256
370,370,2017-11-01,195.94099999999997,20037.088,2.2,4.2,0.63264399508256
371,371,2017-12-01,197.16099999999997,20037.088,2.1,4.1,0.63264399508256
372,372,2018-01-01,198.301,20328.553,2.1,4.0,0.526435395564053
373,373,2018-02-01,199.22799999999998,20328.553,2.2,4.1,0.526435395564053
374,374,2018-03-01,199.96599999999998,20328.553,2.4,4.0,0.526435395564053
375,375,2018-04-01,200.66099999999997,20580.912,2.5,4.0,0.526435395564053
376,376,2018-05-01,201.424,20580.912,2.8,3.8,0.526435395564053
377,377,2018-06-01,202.239,20580.912,2.9,4.0,0.526435395564053
378,378,2018-07-01,202.91,20798.73,2.9,3.8,0.526435395564053
379,379,2018-08-01,203.65599999999998,20798.73,2.7,3.8,0.526435395564053
380,380,2018-09-01,204.313,20798.73,2.3,3.7,0.526435395564053
381,381,2018-10-01,205.079,20917.867,2.5,3.8,0.526435395564053
382,382,2018-11-01,205.65200000000002,20917.867,2.2,3.8,0.526435395564053
383,383,2018-12-01,206.142,20917.867,1.9,3.9,0.526435395564053
384,384,2019-01-01,206.535,21104.133,1.6,4.0,0.455381285963537
385,385,2019-02-01,206.86,21104.133,1.5,3.8,0.455381285963537
386,386,2019-03-01,207.08,21104.133,1.9,3.8,0.455381285963537
387,387,2019-04-01,207.533,21384.775,2.0,3.7,0.455381285963537
388,388,2019-05-01,208.15,21384.775,1.8,3.6,0.455381285963537
389,389,2019-06-01,208.644,21384.775,1.6,3.6,0.455381285963537
390,390,2019-07-01,209.24900000000002,21694.282,1.8,3.7,0.455381285963537
391,391,2019-08-01,210.023,21694.282,1.7,3.6,0.455381285963537
392,392,2019-09-01,210.83599999999998,21694.282,1.7,3.5,0.455381285963537
393,393,2019-10-01,211.729,21902.39,1.8,3.6,0.455381285963537
394,394,2019-11-01,212.771,21902.39,2.1,3.6,0.455381285963537
395,395,2019-12-01,213.938,21902.39,2.3,3.6,0.455381285963537
396,396,2020-01-01,215.03099999999998,21706.513,2.5,3.6,0.968999515833015
397,397,2020-02-01,215.89700000000002,21706.513,2.3,3.5,0.968999515833015
398,398,2020-03-01,216.457,21706.513,1.5,4.4,0.968999515833015
399,399,2020-04-01,216.858,19913.143,0.3,14.8,0.968999515833015
400,400,2020-05-01,216.99900000000002,19913.143,0.1,13.2,0.968999515833015
401,401,2020-06-01,217.577,19913.143,0.6,11.0,0.968999515833015
402,402,2020-07-01,219.287,21647.64,1.0,10.2,0.968999515833015
403,403,2020-08-01,222.26,21647.64,1.3,8.4,0.968999515833015
404,404,2020-09-01,225.72299999999998,21647.64,1.4,7.8,0.968999515833015
405,405,2020-10-01,229.649,22024.502,1.2,6.8,0.968999515833015
406,406,2020-11-01,233.218,22024.502,1.2,6.7,0.968999515833015
407,407,2020-12-01,236.542,22024.502,1.4,6.7,0.968999515833015
408,408,2021-01-01,239.68,22600.185,1.4,6.4,0.157342694282194
409,409,2021-02-01,242.428,22600.185,1.7,6.2,0.157342694282194
410,410,2021-03-01,245.541,22600.185,2.6,6.1,0.157342694282194
411,411,2021-04-01,249.125,23292.362,4.2,6.1,0.157342694282194
412,412,2021-05-01,253.419,23292.362,5.0,5.8,0.157342694282194
413,413,2021-06-01,258.246,23292.362,5.4,5.9,0.157342694282194
414,414,2021-07-01,262.616,23828.973,5.4,5.4,0.157342694282194
415,415,2021-08-01,266.582,23828.973,5.3,5.1,0.157342694282194
416,416,2021-09-01,270.166,23828.973,5.4,4.7,0.157342694282194
417,417,2021-10-01,273.546,24654.603,6.2,4.5,0.157342694282194
418,418,2021-11-01,277.262,24654.603,6.8,4.1,0.157342694282194
419,419,2021-12-01,281.486,24654.603,7.0,3.9,0.157342694282194
420,420,2022-01-01,286.172,25029.116,7.5,4.0,0.367472693654024
421,421,2022-02-01,291.242,25029.116,7.9,3.8,0.367472693654024
422,422,2022-03-01,296.512,25029.116,8.5,3.6,0.367472693654024
423,423,2022-04-01,300.584,25544.273,8.3,3.7,0.367472693654024
424,424,2022-05-01,303.704,25544.273,8.6,3.6,0.367472693654024
425,425,2022-06-01,304.468,25544.273,9.1,3.6,0.367472693654024
426,426,2022-07-01,303.505,25994.639,8.5,3.5,0.367472693654024
427,427,2022-08-01,301.029,25994.639,8.3,3.6,0.367472693654024
428,428,2022-09-01,299.006,25994.639,8.2,3.5,0.367472693654024
429,429,2022-10-01,298.612,26408.405,7.7,3.6,0.367472693654024
430,430,2022-11-01,298.332,26408.405,7.1,3.6,0.367472693654024
431,431,2022-12-01,297.628,26408.405,6.5,3.5,0.367472693654024
432,432,2023-01-01,297.43,26813.601,6.4,3.4,0.491924871690548
433,433,2023-02-01,297.73900000000003,26813.601,6.0,3.6,0.925483968943482
434,434,2023-03-01,298.796,26813.601,5.0,3.5,0.925483968943482
435,435,2023-04-01,300.262,27063.012,4.9,3.4,0.925483968943482
436,436,2023-05-01,302.48900000000003,27063.012,4.0,3.7,0.925483968943482
437,437,2023-06-01,304.343,27063.012,3.0,3.6,0.925483968943482
438,438,2023-07-01,306.45099999999996,27610.128,3.2,3.5,0.925483968943482
439,439,2023-08-01,308.83,27610.128,3.7,3.8,0.925483968943482
440,440,2023-09-01,310.894,27610.128,3.7,3.8,0.925483968943482
441,441,2023-10-01,312.756,27956.998,3.2,3.8,0.925483968943482
442,442,2023-11-01,313.632,27956.998,3.1,3.7,0.925483968943482
443,443,2023-12-01,314.443,27956.998,3.4,3.7,0.925483968943482
444,444,2024-01-01,315.728,28269.174,3.1,3.7,0.925483968943482
445,445,2024-02-01,317.257,13142.642,3.2,3.9,0.925483968943482
446,446,2024-03-01,318.217,13142.642,3.5,3.8,0.925483968943482
447,447,2024-04-01,319.048,13142.642,3.4,3.9,0.925483968943482
